{
  "phase_margin": 0.7103533849272177,
  "regime": "contractive",
  "per_direction_margin": {
    "verbosity": 0.7103533849272177,
    "formality": 3.046300726010031,
    "abstraction": 2.344938417447292,
    "sentiment": 2.4830159005507593
  },
  "agent_spectra": {
    "verbosity": {
      "omegas": [
        0.7853981633974483,
        1.5707963267948966,
        2.356194490192345,
        3.141592653589793
      ],
      "thetas": [
        2.4312392686625754,
        2.273112009676202,
        1.7918264412871496,
        5.51091059616309e-16
      ],
      "amplitudes": [
        0.043453820835574294,
        0.025790493132485392,
        0.06231442200369048,
        0.03475599685728684
      ],
      "residuals": [
        0.7440813199716346,
        0.9753224860032605,
        0.9500373566280039,
        0.9219566814140768
      ]
    },
    "formality": {
      "omegas": [
        0.7853981633974483,
        1.5707963267948966,
        2.356194490192345,
        3.141592653589793
      ],
      "thetas": [
        1.9826058792920334,
        0.09529192757976213,
        0.14074045397168933,
        5.510910596163091e-16
      ],
      "amplitudes": [
        0.01989889125879266,
        0.0793320525479643,
        0.04279978688518349,
        0.03725561952623264
      ],
      "residuals": [
        0.9929022415595374,
        0.7337933148835332,
        0.9120922158614299,
        0.8669295209577983
      ]
    },
    "abstraction": {
      "omegas": [
        0.7853981633974483,
        1.5707963267948966,
        2.356194490192345,
        3.141592653589793
      ],
      "thetas": [
        -0.7966542361425015,
        -1.0048443511800487,
        -0.8742221292990889,
        5.51091059616309e-16
      ],
      "amplitudes": [
        0.09344436022287836,
        0.03254710554076122,
        0.042993676557716014,
        0.01682934668099208
      ],
      "residuals": [
        0.8795973461070177,
        0.9812540163421398,
        0.9769110879054185,
        0.9788743463377007
      ]
    },
    "sentiment": {
      "omegas": [
        0.7853981633974483,
        1.5707963267948966,
        2.356194490192345,
        3.141592653589793
      ],
      "thetas": [
        0.4065213331038842,
        -0.6585767530390336,
        -0.3318236602314821,
        5.51091059616309e-16
      ],
      "amplitudes": [
        0.09489111195739029,
        0.07530047937226801,
        0.08712196835379722,
        0.0711215448809136
      ],
      "residuals": [
        0.16937826334842224,
        0.5467508856581744,
        0.741323216760537,
        0.5428586335553396
      ]
    }
  },
  "notes": "loop=ParaphraseLoop, dim=384"
}