{
  "phase_margin": 4.440892098500626e-16,
  "regime": "oscillatory",
  "per_direction_margin": {
    "verbosity": 4.440892098500626e-16,
    "formality": 2.371294194781666,
    "abstraction": 2.446417256207287,
    "sentiment": 2.602284080930774
  },
  "agent_spectra": {
    "verbosity": {
      "omegas": [
        0.7853981633974483,
        1.5707963267948966,
        2.356194490192345,
        3.141592653589793
      ],
      "thetas": [
        -0.19956992174669558,
        2.751334657277215,
        2.7005083837300297,
        -3.1415926535897927
      ],
      "amplitudes": [
        0.019434115977564437,
        0.0265794873172431,
        0.013971567965910666,
        0.03899432734647888
      ],
      "residuals": [
        0.8816091487786066,
        0.8617879940323571,
        0.9315108904308967,
        0.43257022423390384
      ]
    },
    "formality": {
      "omegas": [
        0.7853981633974483,
        1.5707963267948966,
        2.356194490192345,
        3.141592653589793
      ],
      "thetas": [
        -0.7702984588081271,
        0.6883663893998415,
        2.244870611677371,
        5.51091059616309e-16
      ],
      "amplitudes": [
        0.013360942878510865,
        0.023926075726145073,
        0.018025690761207417,
        0.020437540316810172
      ],
      "residuals": [
        0.8680956625448927,
        0.5580414957555803,
        0.9855451364490527,
        0.9067005831251888
      ]
    },
    "abstraction": {
      "omegas": [
        0.7853981633974483,
        1.5707963267948966,
        2.356194490192345,
        3.141592653589793
      ],
      "thetas": [
        -0.06240577913626638,
        -0.36000584688061077,
        -0.6951753973825063,
        5.510910596163091e-16
      ],
      "amplitudes": [
        0.07036893024349608,
        0.02930183402575181,
        0.055606094067346,
        0.055543756043007486
      ],
      "residuals": [
        0.6362671500511585,
        0.9103590780128448,
        0.8947141936190062,
        0.7284422023014969
      ]
    },
    "sentiment": {
      "omegas": [
        0.7853981633974483,
        1.5707963267948966,
        2.356194490192345,
        3.141592653589793
      ],
      "thetas": [
        -2.5930634916322193,
        -0.2002030140279785,
        -0.5393085726590189,
        5.510910596163089e-16
      ],
      "amplitudes": [
        0.02329593089093971,
        0.09098114841285164,
        0.05216170091402095,
        0.04084993068498665
      ],
      "residuals": [
        0.9309973468509608,
        0.4320228382890622,
        0.5819303867438119,
        0.7185845372689247
      ]
    }
  },
  "notes": "loop=ParaphraseLoop, dim=384"
}