{
  "purity_period_2": 15.8459755763807,
  "purity_p_value_2": 0.0,
  "purity_period_3": 0.9346644932597388,
  "period_2_regime": "oscillatory",
  "autocorr_regime": "oscillatory",
  "autocorr_period_score": 0.9680478119123386,
  "autocorr_period_lag": 2,
  "final_variance": 0.08173278560954456,
  "growth_rate": -0.0014626357596409746
}