{
  "phase_margin": 4.440892098500626e-16,
  "regime": "oscillatory",
  "per_direction_margin": {
    "verbosity": 4.440892098500626e-16,
    "formality": 1.0327788281104868,
    "abstraction": 2.754942271555077,
    "sentiment": 2.8187094139703595
  },
  "agent_spectra": {
    "verbosity": {
      "omegas": [
        0.7853981633974483,
        1.5707963267948966,
        2.356194490192345,
        3.141592653589793
      ],
      "thetas": [
        -1.045681126943497,
        -1.4386983814413499,
        -1.6463394102132647,
        -3.1415926535897927
      ],
      "amplitudes": [
        0.03685219659959895,
        0.014496732560551777,
        0.008819176112326275,
        0.041900314174312774
      ],
      "residuals": [
        0.6011257619958954,
        0.9822189900559413,
        0.9860390449508617,
        0.679438559176761
      ]
    },
    "formality": {
      "omegas": [
        0.7853981633974483,
        1.5707963267948966,
        2.356194490192345,
        3.141592653589793
      ],
      "thetas": [
        -2.1088138254793063,
        -0.652541739675282,
        -0.1931562610158898,
        5.51091059616309e-16
      ],
      "amplitudes": [
        0.026342622566199455,
        0.029984133007082116,
        0.08682419679744298,
        0.043983244753110246
      ],
      "residuals": [
        0.8441469024360125,
        0.723769950031214,
        0.241967894988996,
        0.6508790762039451
      ]
    },
    "abstraction": {
      "omegas": [
        0.7853981633974483,
        1.5707963267948966,
        2.356194490192345,
        3.141592653589793
      ],
      "thetas": [
        -2.599422167159183,
        -0.3866503820347164,
        -2.249829877925441,
        5.51091059616309e-16
      ],
      "amplitudes": [
        0.008406137066731099,
        0.031397044115408286,
        0.011056955193570491,
        0.04116014784729859
      ],
      "residuals": [
        0.9861669246426789,
        0.8361865535332673,
        0.9574977420579998,
        0.4471109761475561
      ]
    },
    "sentiment": {
      "omegas": [
        0.7853981633974483,
        1.5707963267948966,
        2.356194490192345,
        3.141592653589793
      ],
      "thetas": [
        -0.6130874189626554,
        -0.3228832396194338,
        -0.002303081931910582,
        5.51091059616309e-16
      ],
      "amplitudes": [
        0.029229057755941232,
        0.054385832177099164,
        0.07258981882971285,
        0.1373464430669033
      ],
      "residuals": [
        0.9574627829072452,
        0.7750430476564663,
        0.7117889492161319,
        0.2962686185121852
      ]
    }
  },
  "notes": "loop=ParaphraseLoop, dim=384"
}