{
  "purity_period_2": 1.0101351722588847,
  "purity_p_value_2": 0.122,
  "purity_period_3": 0.9793507431788193,
  "period_2_regime": "unknown",
  "autocorr_regime": "unknown",
  "autocorr_period_score": 0.4557571655100148,
  "autocorr_period_lag": 2,
  "final_variance": 0.45473089175361536,
  "growth_rate": 0.006834458793705954
}