{
  "phase_margin": 0.025643756959797592,
  "regime": "oscillatory",
  "per_direction_margin": {
    "verbosity": 0.025643756959797592,
    "formality": 2.507068056095251,
    "abstraction": 2.6916230227840536,
    "sentiment": 3.1415926535897927
  },
  "agent_spectra": {
    "verbosity": {
      "omegas": [
        0.7853981633974483,
        1.5707963267948966,
        2.356194490192345,
        3.141592653589793
      ],
      "thetas": [
        -3.1159488966299955,
        -1.7718827676480942,
        -0.440361592268556,
        5.51091059616309e-16
      ],
      "amplitudes": [
        0.027778557484873925,
        0.01642550415808244,
        0.04267555630573786,
        0.006384454828555021
      ],
      "residuals": [
        0.8991040787493793,
        0.9530701834197283,
        0.8545778669448993,
        0.9960638721343786
      ]
    },
    "formality": {
      "omegas": [
        0.7853981633974483,
        1.5707963267948966,
        2.356194490192345,
        3.141592653589793
      ],
      "thetas": [
        -0.6345245974945423,
        -0.08336532344251223,
        0.6228095466429138,
        5.51091059616309e-16
      ],
      "amplitudes": [
        0.0905709575869089,
        0.1490681194257517,
        0.04408574541024294,
        0.04446709753190408
      ],
      "residuals": [
        0.8820959354808805,
        0.6564026471729125,
        0.9579902227285558,
        0.9285946594094852
      ]
    },
    "abstraction": {
      "omegas": [
        0.7853981633974483,
        1.5707963267948966,
        2.356194490192345,
        3.141592653589793
      ],
      "thetas": [
        -0.4499696308057394,
        -0.10010727549399022,
        0.04262194799999102,
        5.51091059616309e-16
      ],
      "amplitudes": [
        0.08212026165487918,
        0.09876173411111694,
        0.12311631605502957,
        0.025380734488142872
      ],
      "residuals": [
        0.7093959429745466,
        0.5234081893967492,
        0.563526862900786,
        0.9663001507501354
      ]
    },
    "sentiment": {
      "omegas": [
        0.7853981633974483,
        1.5707963267948966,
        2.356194490192345,
        3.141592653589793
      ],
      "thetas": [
        -1.3909884737363847,
        -0.4467481660918871,
        0.8080085518783876,
        5.510910596163091e-16
      ],
      "amplitudes": [
        0.03051929401027584,
        0.015610216844106956,
        0.036055942040942195,
        0.04630716552584723
      ],
      "residuals": [
        0.9805539346399856,
        0.9832034649262736,
        0.9575748047836045,
        0.8117471986065529
      ]
    }
  },
  "notes": "loop=ParaphraseLoop, dim=384"
}