{
  "phase_margin": 0.0,
  "regime": "oscillatory",
  "per_direction_margin": {
    "verbosity": 0.9880117835132944,
    "formality": 0.0,
    "abstraction": 2.686720139268869,
    "sentiment": 2.27289358445156
  },
  "agent_spectra": {
    "verbosity": {
      "omegas": [
        0.7853981633974483,
        1.5707963267948966,
        2.356194490192345,
        3.141592653589793
      ],
      "thetas": [
        -0.38805856848281683,
        -0.8783734679972324,
        -2.1535808700764987,
        5.51091059616309e-16
      ],
      "amplitudes": [
        0.04515979319299927,
        0.018481109892263342,
        0.035108879293504036,
        0.0025731782406469834
      ],
      "residuals": [
        0.7878104640837995,
        0.9776428131860334,
        0.8925198648122027,
        0.9973633309213551
      ]
    },
    "formality": {
      "omegas": [
        0.7853981633974483,
        1.5707963267948966,
        2.356194490192345,
        3.141592653589793
      ],
      "thetas": [
        0.9433854788219858,
        1.9391876498560328,
        -0.2807477128134908,
        5.51091059616309e-16
      ],
      "amplitudes": [
        0.0020305114092951204,
        0.008415936208890933,
        0.019891313505023437,
        0.01272110382583472
      ],
      "residuals": [
        0.9991668545740507,
        0.9737717635260309,
        0.9700951775202146,
        0.9811846869433039
      ]
    },
    "abstraction": {
      "omegas": [
        0.7853981633974483,
        1.5707963267948966,
        2.356194490192345,
        3.141592653589793
      ],
      "thetas": [
        -0.4548725143209242,
        0.09890158743535271,
        0.01999799342281931,
        5.510910596163091e-16
      ],
      "amplitudes": [
        0.15873258221720235,
        0.10041263781351273,
        0.06722180707436923,
        0.07401077616414493
      ],
      "residuals": [
        0.5166572930200097,
        0.7683632081405908,
        0.7611001640014972,
        0.851743757872712
      ]
    },
    "sentiment": {
      "omegas": [
        0.7853981633974483,
        1.5707963267948966,
        2.356194490192345,
        3.141592653589793
      ],
      "thetas": [
        -0.8686990691382335,
        -0.6550869869062071,
        -0.6853874913763441,
        5.51091059616309e-16
      ],
      "amplitudes": [
        0.07256533265253101,
        0.09851151727546158,
        0.04073007827746399,
        0.021039237060951264
      ],
      "residuals": [
        0.5851770416265568,
        0.7821077215526292,
        0.9431478119395537,
        0.9617405578900685
      ]
    }
  },
  "notes": "loop=ParaphraseLoop, dim=384"
}