{
  "purity_period_2": 2.4917826053400947,
  "purity_p_value_2": 0.0,
  "purity_period_3": 0.9413571098355922,
  "period_2_regime": "oscillatory",
  "autocorr_regime": "unknown",
  "autocorr_period_score": 0.8193682791403853,
  "autocorr_period_lag": 2,
  "final_variance": 0.06311006667021805,
  "growth_rate": -0.011196987254928863
}