{
  "purity_period_2": 2.4582418300888866,
  "purity_p_value_2": 0.0,
  "purity_period_3": 0.9487405598775371,
  "period_2_regime": "oscillatory",
  "autocorr_regime": "unknown",
  "autocorr_period_score": 0.6739982709231964,
  "autocorr_period_lag": 4,
  "final_variance": 0.020174573454096838,
  "growth_rate": -0.013921241648130762
}