{
  "purity_period_2": 1.060601639651216,
  "purity_p_value_2": 0.0,
  "purity_period_3": 0.9818137685211874,
  "period_2_regime": "unknown",
  "autocorr_regime": "unknown",
  "autocorr_period_score": 0.39879074511991097,
  "autocorr_period_lag": 2,
  "final_variance": 0.1738765533510655,
  "growth_rate": -0.0009473115340659761
}