{
  "purity_period_2": 1.1877580528021159,
  "purity_p_value_2": 0.0,
  "purity_period_3": 1.103671646722106,
  "period_2_regime": "oscillatory",
  "autocorr_regime": "unknown",
  "autocorr_period_score": 0.5552636961381775,
  "autocorr_period_lag": 6,
  "final_variance": 0.13140175822019112,
  "growth_rate": -0.011638181534240158
}