{
  "phase_margin": 0.6261561615544915,
  "regime": "contractive",
  "per_direction_margin": {
    "verbosity": 0.6261561615544915,
    "formality": 1.9271362092607038,
    "abstraction": 2.3676465790232935,
    "sentiment": 2.0442476172739514
  },
  "agent_spectra": {
    "verbosity": {
      "omegas": [
        0.7853981633974483,
        1.5707963267948966,
        2.356194490192345,
        3.141592653589793
      ],
      "thetas": [
        -2.5154364920353016,
        -2.0327678424379583,
        -0.11448544851245612,
        -3.1415926535897927
      ],
      "amplitudes": [
        0.05044643197220827,
        0.01572172190295068,
        0.024974720696068858,
        0.02344020026988765
      ],
      "residuals": [
        0.7245372867995027,
        0.9660663237929169,
        0.9592716899849578,
        0.9026929662274854
      ]
    },
    "formality": {
      "omegas": [
        0.7853981633974483,
        1.5707963267948966,
        2.356194490192345,
        3.141592653589793
      ],
      "thetas": [
        -1.5987259012279258,
        -0.1982001061890432,
        1.2144564443290893,
        5.51091059616309e-16
      ],
      "amplitudes": [
        0.01258699898691359,
        0.04652944004624045,
        0.03807820067524421,
        0.019455920599654265
      ],
      "residuals": [
        0.9905795077359483,
        0.5327131297015363,
        0.885256722467592,
        0.7182099229106986
      ]
    },
    "abstraction": {
      "omegas": [
        0.7853981633974483,
        1.5707963267948966,
        2.356194490192345,
        3.141592653589793
      ],
      "thetas": [
        -0.5840186817085077,
        0.7739460745664998,
        0.6487776978409863,
        5.51091059616309e-16
      ],
      "amplitudes": [
        0.059245551193550725,
        0.03841152862907457,
        0.0510965187287677,
        0.02573889028854652
      ],
      "residuals": [
        0.30907812764862086,
        0.7925504230547551,
        0.4270993172353522,
        0.5237650086342757
      ]
    },
    "sentiment": {
      "omegas": [
        0.7853981633974483,
        1.5707963267948966,
        2.356194490192345,
        3.141592653589793
      ],
      "thetas": [
        -0.21479342747431507,
        -0.6852418220858684,
        -1.097345036315842,
        5.51091059616309e-16
      ],
      "amplitudes": [
        0.04434204560883293,
        0.05317425284873316,
        0.06176872760213326,
        0.04958667814346212
      ],
      "residuals": [
        0.35620677848796783,
        0.7043896606980217,
        0.7156299690673722,
        0.5913154281219571
      ]
    }
  },
  "notes": "loop=ParaphraseLoop, dim=384"
}