{
  "phase_margin": 0.0,
  "regime": "oscillatory",
  "per_direction_margin": {
    "verbosity": 4.440892098500626e-16,
    "formality": 0.0,
    "abstraction": 2.568192511204506,
    "sentiment": 2.251697189900137
  },
  "agent_spectra": {
    "verbosity": {
      "omegas": [
        0.7853981633974483,
        1.5707963267948966,
        2.356194490192345,
        3.141592653589793
      ],
      "thetas": [
        -0.29900915750266266,
        -1.6890167601318682,
        -2.2675720942931044,
        -3.1415926535897927
      ],
      "amplitudes": [
        0.04094967100749761,
        0.023255624817480777,
        0.021334415683681055,
        0.02620582364369299
      ],
      "residuals": [
        0.8180856266233356,
        0.9679899225767503,
        0.9276025137686824,
        0.7239809385822196
      ]
    },
    "formality": {
      "omegas": [
        0.7853981633974483,
        1.5707963267948966,
        2.356194490192345,
        3.141592653589793
      ],
      "thetas": [
        1.3792399370829165,
        1.2982926789489124,
        1.073409786262496,
        5.510910596163091e-16
      ],
      "amplitudes": [
        0.005932904772260211,
        0.01226746945135198,
        0.008423838356703673,
        0.014146182141778471
      ],
      "residuals": [
        0.9960971496395492,
        0.9758451307283171,
        0.9963698541875894,
        0.9846401981660833
      ]
    },
    "abstraction": {
      "omegas": [
        0.7853981633974483,
        1.5707963267948966,
        2.356194490192345,
        3.141592653589793
      ],
      "thetas": [
        -0.5734001423852872,
        0.008256018158226111,
        0.351482292949077,
        5.510910596163089e-16
      ],
      "amplitudes": [
        0.16126380733565,
        0.11048526101986009,
        0.08076938536676201,
        0.06757048443129639
      ],
      "residuals": [
        0.6018201656810542,
        0.7742433750863891,
        0.769659866348442,
        0.8918056751133836
      ]
    },
    "sentiment": {
      "omegas": [
        0.7853981633974483,
        1.5707963267948966,
        2.356194490192345,
        3.141592653589793
      ],
      "thetas": [
        -0.8898954636896561,
        -0.40370562646813357,
        -0.8709672504172712,
        5.51091059616309e-16
      ],
      "amplitudes": [
        0.08021869226164242,
        0.09388008637103623,
        0.0834185939079885,
        0.06038384129658078
      ],
      "residuals": [
        0.5898450673160649,
        0.8134931105370338,
        0.7619408819129344,
        0.7050610443992379
      ]
    }
  },
  "notes": "loop=ParaphraseLoop, dim=384"
}