{
  "purity_period_2": 2.2472300055580035,
  "purity_p_value_2": 0.0,
  "purity_period_3": 0.9488580387051756,
  "period_2_regime": "oscillatory",
  "autocorr_regime": "unknown",
  "autocorr_period_score": 0.6303930550009601,
  "autocorr_period_lag": 2,
  "final_variance": 0.01495218127642598,
  "growth_rate": -0.021051418054823308
}