{
  "phase_margin": 4.440892098500626e-16,
  "regime": "oscillatory",
  "per_direction_margin": {
    "verbosity": 0.0402864636083482,
    "formality": 4.440892098500626e-16,
    "abstraction": 2.1897172329171077,
    "sentiment": 2.6659365497545435
  },
  "agent_spectra": {
    "verbosity": {
      "omegas": [
        0.7853981633974483,
        1.5707963267948966,
        2.356194490192345,
        3.141592653589793
      ],
      "thetas": [
        -2.5342107339476643,
        3.101306189981445,
        2.002036057095901,
        5.51091059616309e-16
      ],
      "amplitudes": [
        0.014664073044805895,
        0.03258876344701614,
        0.03184330130020304,
        0.02012354405257949
      ],
      "residuals": [
        0.9283393715698521,
        0.43924954203717514,
        0.6469505320167176,
        0.6075809127530845
      ]
    },
    "formality": {
      "omegas": [
        0.7853981633974483,
        1.5707963267948966,
        2.356194490192345,
        3.141592653589793
      ],
      "thetas": [
        1.3483833122626259,
        -1.9242643289722126,
        -0.9672075635323304,
        -3.1415926535897927
      ],
      "amplitudes": [
        0.019590730986872546,
        0.021965341752930977,
        0.017507964350267923,
        0.0403632321538439
      ],
      "residuals": [
        0.9239072206805056,
        0.8582636741139739,
        0.9319572713863293,
        0.624652753999252
      ]
    },
    "abstraction": {
      "omegas": [
        0.7853981633974483,
        1.5707963267948966,
        2.356194490192345,
        3.141592653589793
      ],
      "thetas": [
        -0.419380623901642,
        -3.0075223922278185,
        0.9518754206726855,
        5.51091059616309e-16
      ],
      "amplitudes": [
        0.021080911224859732,
        0.005665598921304969,
        0.02632385140402845,
        0.004217657656223147
      ],
      "residuals": [
        0.8313158735854504,
        0.9895398980399067,
        0.49554807977008325,
        0.9807376551824999
      ]
    },
    "sentiment": {
      "omegas": [
        0.7853981633974483,
        1.5707963267948966,
        2.356194490192345,
        3.141592653589793
      ],
      "thetas": [
        -0.6279702408450984,
        -0.14481657020907107,
        -0.4756561038352495,
        5.51091059616309e-16
      ],
      "amplitudes": [
        0.02871518559271221,
        0.02619172953696785,
        0.031846989201547916,
        0.050108534814665845
      ],
      "residuals": [
        0.929140308500017,
        0.8366899597037466,
        0.874106467286661,
        0.85538600477188
      ]
    }
  },
  "notes": "loop=ParaphraseLoop, dim=384"
}