{
  "purity_period_2": 1.0207007285371505,
  "purity_p_value_2": 0.064,
  "purity_period_3": 0.9689270010493649,
  "period_2_regime": "unknown",
  "autocorr_regime": "unknown",
  "autocorr_period_score": 0.5123092871210965,
  "autocorr_period_lag": 2,
  "final_variance": 0.3396790159675785,
  "growth_rate": -0.004481251832509157
}