{
  "phase_margin": 4.440892098500626e-16,
  "regime": "oscillatory",
  "per_direction_margin": {
    "verbosity": 4.440892098500626e-16,
    "formality": 3.1415926535897927,
    "abstraction": 2.7093488945225355,
    "sentiment": 2.131359314491997
  },
  "agent_spectra": {
    "verbosity": {
      "omegas": [
        0.7853981633974483,
        1.5707963267948966,
        2.356194490192345,
        3.141592653589793
      ],
      "thetas": [
        -2.8794623175294074,
        1.0445124536423342,
        3.114459980078938,
        -3.1415926535897927
      ],
      "amplitudes": [
        0.03468871589673348,
        0.026095411627517304,
        0.029199506395839042,
        0.022905137679426674
      ],
      "residuals": [
        0.7281614961921792,
        0.9087298642008361,
        0.849120291569882,
        0.6171661310270662
      ]
    },
    "formality": {
      "omegas": [
        0.7853981633974483,
        1.5707963267948966,
        2.356194490192345,
        3.141592653589793
      ],
      "thetas": [
        1.2459570853430997,
        -1.7324946669398518,
        -1.443511971229516,
        5.510910596163089e-16
      ],
      "amplitudes": [
        0.040531627337556754,
        0.011292816410735243,
        0.014731465002395005,
        0.04829049837718059
      ],
      "residuals": [
        0.9288718505656994,
        0.9935009069456194,
        0.9290657579929686,
        0.6718972411458294
      ]
    },
    "abstraction": {
      "omegas": [
        0.7853981633974483,
        1.5707963267948966,
        2.356194490192345,
        3.141592653589793
      ],
      "thetas": [
        -0.3533317983284437,
        0.4322437590672578,
        -0.05395717693052958,
        5.510910596163091e-16
      ],
      "amplitudes": [
        0.07918073586430359,
        0.04967708574102041,
        0.07378765850156767,
        0.047644837511465324
      ],
      "residuals": [
        0.5197355899859215,
        0.8517610027403214,
        0.25358673961059647,
        0.4402857124830572
      ]
    },
    "sentiment": {
      "omegas": [
        0.7853981633974483,
        1.5707963267948966,
        2.356194490192345,
        3.141592653589793
      ],
      "thetas": [
        -1.010233339097796,
        0.43700661297203325,
        0.5308158136422819,
        5.51091059616309e-16
      ],
      "amplitudes": [
        0.0581540045863109,
        0.03672796152818838,
        0.05058975585922743,
        0.02796363696955897
      ],
      "residuals": [
        0.7678971364199065,
        0.9193546584686778,
        0.8489373183108723,
        0.9360866201282629
      ]
    }
  },
  "notes": "loop=ParaphraseLoop, dim=384"
}