{
  "purity_period_2": 3.037406660708299,
  "purity_p_value_2": 0.0,
  "purity_period_3": 0.9441205833494564,
  "period_2_regime": "oscillatory",
  "autocorr_regime": "unknown",
  "autocorr_period_score": 0.7875457320075535,
  "autocorr_period_lag": 2,
  "final_variance": 0.017028151869816713,
  "growth_rate": -0.015353761260153937
}