{
  "purity_period_2": 1.0815463732257102,
  "purity_p_value_2": 0.0,
  "purity_period_3": 0.9841297111516539,
  "period_2_regime": "unknown",
  "autocorr_regime": "unknown",
  "autocorr_period_score": 0.36989548753705903,
  "autocorr_period_lag": 2,
  "final_variance": 0.11457559482675721,
  "growth_rate": -0.0025586690414941887
}