{
  "phase_margin": 4.440892098500626e-16,
  "regime": "oscillatory",
  "per_direction_margin": {
    "verbosity": 4.440892098500626e-16,
    "formality": 2.1424777952366965,
    "abstraction": 2.7267029822549596,
    "sentiment": 2.630939259657407
  },
  "agent_spectra": {
    "verbosity": {
      "omegas": [
        0.7853981633974483,
        1.5707963267948966,
        2.356194490192345,
        3.141592653589793
      ],
      "thetas": [
        2.071460935408605,
        0.9346565256725509,
        -1.764744584522563,
        -3.1415926535897927
      ],
      "amplitudes": [
        0.01057581051385578,
        0.04877399706309421,
        0.010497609548851277,
        0.03776324833800736
      ],
      "residuals": [
        0.95176871021772,
        0.7527053303796947,
        0.9816503224854682,
        0.7089353103800042
      ]
    },
    "formality": {
      "omegas": [
        0.7853981633974483,
        1.5707963267948966,
        2.356194490192345,
        3.141592653589793
      ],
      "thetas": [
        0.9991148583530969,
        0.09859000811804446,
        0.834098561009484,
        5.51091059616309e-16
      ],
      "amplitudes": [
        0.06518492624783492,
        0.02470734123492977,
        0.02234220925166371,
        0.05222495704753445
      ],
      "residuals": [
        0.8393412778393865,
        0.973635996892122,
        0.7597416482850969,
        0.6241900957800507
      ]
    },
    "abstraction": {
      "omegas": [
        0.7853981633974483,
        1.5707963267948966,
        2.356194490192345,
        3.141592653589793
      ],
      "thetas": [
        -0.41488967133483357,
        0.7789498829979048,
        0.03613818039921806,
        5.51091059616309e-16
      ],
      "amplitudes": [
        0.07653143475393391,
        0.037718173410551406,
        0.07203665037930557,
        0.058337252742149175
      ],
      "residuals": [
        0.5046856112808632,
        0.9229703076849907,
        0.32270657316472795,
        0.4022925720607523
      ]
    },
    "sentiment": {
      "omegas": [
        0.7853981633974483,
        1.5707963267948966,
        2.356194490192345,
        3.141592653589793
      ],
      "thetas": [
        -1.4631008008907311,
        -0.048579932865255464,
        0.5106533939323862,
        5.51091059616309e-16
      ],
      "amplitudes": [
        0.03359315876882839,
        0.038804818432830776,
        0.07365871538720181,
        0.044984894433870354
      ],
      "residuals": [
        0.9394347910471551,
        0.9385800113638294,
        0.7867066400864335,
        0.885862843357481
      ]
    }
  },
  "notes": "loop=ParaphraseLoop, dim=384"
}