{
  "phase_margin": 4.440892098500626e-16,
  "regime": "oscillatory",
  "per_direction_margin": {
    "verbosity": 0.2487856518452345,
    "formality": 4.440892098500626e-16,
    "abstraction": 2.757637223413248,
    "sentiment": 2.357305521954909
  },
  "agent_spectra": {
    "verbosity": {
      "omegas": [
        0.7853981633974483,
        1.5707963267948966,
        2.356194490192345,
        3.141592653589793
      ],
      "thetas": [
        2.8928070017445586,
        3.0801421250097563,
        -2.6142228280395168,
        -3.1415926535897927
      ],
      "amplitudes": [
        0.02747322825591723,
        0.0214714039816161,
        0.020740461488596425,
        0.015545475001937373
      ],
      "residuals": [
        0.8982477020234816,
        0.9042486946175923,
        0.9143421291384559,
        0.9769397004154945
      ]
    },
    "formality": {
      "omegas": [
        0.7853981633974483,
        1.5707963267948966,
        2.356194490192345,
        3.141592653589793
      ],
      "thetas": [
        0.8735684662801222,
        3.0328060986572734,
        2.868198249983155,
        -3.1415926535897927
      ],
      "amplitudes": [
        0.026504045907107834,
        0.016563193211601768,
        0.025473516845559357,
        0.02550217183271001
      ],
      "residuals": [
        0.6313272140279883,
        0.9120368867767835,
        0.7856714394398582,
        0.7375251123735825
      ]
    },
    "abstraction": {
      "omegas": [
        0.7853981633974483,
        1.5707963267948966,
        2.356194490192345,
        3.141592653589793
      ],
      "thetas": [
        0.14695674683475238,
        -0.38395543017654543,
        -0.34208475834687657,
        -3.1415926535897927
      ],
      "amplitudes": [
        0.04237447044273704,
        0.031136971985379208,
        0.01815596055770401,
        0.012528323056021438
      ],
      "residuals": [
        0.5555060249439862,
        0.6484845232488053,
        0.9280255282625365,
        0.9298443831556934
      ]
    },
    "sentiment": {
      "omegas": [
        0.7853981633974483,
        1.5707963267948966,
        2.356194490192345,
        3.141592653589793
      ],
      "thetas": [
        -2.012705551425438,
        -0.7842871316348841,
        0.3009641762634318,
        5.510910596163091e-16
      ],
      "amplitudes": [
        0.03794753845970261,
        0.026263579675011157,
        0.01775388648182792,
        0.003663365786178527
      ],
      "residuals": [
        0.9286469287303916,
        0.8800682290836137,
        0.8431106594317211,
        0.9934244997154176
      ]
    }
  },
  "notes": "loop=ParaphraseLoop, dim=384"
}