{
  "purity_period_2": 2.1740071685944233,
  "purity_p_value_2": 0.0,
  "purity_period_3": 0.9468069526612791,
  "period_2_regime": "oscillatory",
  "autocorr_regime": "unknown",
  "autocorr_period_score": 0.7643738614880254,
  "autocorr_period_lag": 2,
  "final_variance": 0.11272481429397012,
  "growth_rate": -0.006146283132970026
}