{
  "purity_period_2": 1.3389210517675145,
  "purity_p_value_2": 0.0,
  "purity_period_3": 0.9646322064259427,
  "period_2_regime": "oscillatory",
  "autocorr_regime": "unknown",
  "autocorr_period_score": 0.560915158261856,
  "autocorr_period_lag": 2,
  "final_variance": 0.20273623056326123,
  "growth_rate": -0.010374599320800374
}