{
  "phase_margin": 1.704346310651872,
  "regime": "contractive",
  "per_direction_margin": {
    "verbosity": 1.704346310651872,
    "formality": 2.2575435649521562,
    "abstraction": 2.5085743883691665,
    "sentiment": 3.1415926535897927
  },
  "agent_spectra": {
    "verbosity": {
      "omegas": [
        0.7853981633974483,
        1.5707963267948966,
        2.356194490192345,
        3.141592653589793
      ],
      "thetas": [
        2.007054817330432,
        -1.4372463429379212,
        -1.118819550538647,
        -3.1415926535897927
      ],
      "amplitudes": [
        0.013367905538589284,
        0.030562513956778614,
        0.019438012542365615,
        0.011800462310322364
      ],
      "residuals": [
        0.947767616212765,
        0.8320813999808888,
        0.9545109552617587,
        0.98031709957428
      ]
    },
    "formality": {
      "omegas": [
        0.7853981633974483,
        1.5707963267948966,
        2.356194490192345,
        3.141592653589793
      ],
      "thetas": [
        -0.884049088637637,
        -0.15683818192391086,
        0.12297804598733836,
        5.51091059616309e-16
      ],
      "amplitudes": [
        0.09623855339914456,
        0.14143968634057966,
        0.048228185085920965,
        0.03990554081502359
      ],
      "residuals": [
        0.8541971669677789,
        0.6044609313555408,
        0.9392593240383726,
        0.9284059348716586
      ]
    },
    "abstraction": {
      "omegas": [
        0.7853981633974483,
        1.5707963267948966,
        2.356194490192345,
        3.141592653589793
      ],
      "thetas": [
        -0.6330182652206269,
        0.0068895229892789725,
        0.1007676698450418,
        5.51091059616309e-16
      ],
      "amplitudes": [
        0.09294296654346411,
        0.11513409165608647,
        0.12884534685589843,
        0.03043587588631848
      ],
      "residuals": [
        0.6227623746976998,
        0.4338143109682869,
        0.5663877822451724,
        0.9531609290038563
      ]
    },
    "sentiment": {
      "omegas": [
        0.7853981633974483,
        1.5707963267948966,
        2.356194490192345,
        3.141592653589793
      ],
      "thetas": [
        -1.5473349986083376,
        0.9291894497518888,
        1.1073157636137068,
        5.510910596163089e-16
      ],
      "amplitudes": [
        0.047646861319018505,
        0.04072109868756359,
        0.030996258603750524,
        0.06663809999516714
      ],
      "residuals": [
        0.9633702529999804,
        0.9184010104619289,
        0.9736884396146042,
        0.6998543144165715
      ]
    }
  },
  "notes": "loop=ParaphraseLoop, dim=384"
}